Abaetetuba;Município;Abaetetuba
Abaetetuba;Endereço;Rua Manoel de Abreu, N 1756. Bairro Mutirão 
Abaetetuba;E-mail;"semeia@abaetetuba.pa.gov.br; ouvidoria@abaetetuba.pa.gov.br"
Abaetetuba;Telefone;(91)99380-3316
Abaetetuba;Link;https://www.abaetetuba.pa.gov.br/secretaria.php?sec=7
Abel Figueiredo;Município;Abel Figueiredo
Abel Figueiredo;Endereço;Rua Presidente Gaisel, N 170
Abel Figueiredo;E-mail;gabinete@abelfigueredo.com.br
Abel Figueiredo;Telefone;"(94)99298-4608; (94) 3342-1333 "
Abel Figueiredo;Link;https://abelfigueiredo.pa.gov.br/portal-da-transparencia/estrutura-organizacional/secretaria-municipal-de-meio-ambiente/
Acará;Município;Acará
Acará;Endereço;Avenida Fernando Guilhon, S/N. Bairro Vila Nova
Acará;E-mail;"soniaelidia.sematur@gmail.com; ouvidoria.acara@hotmail.com"
Acará;Telefone;(91)8816-4486
Acará;Link;https://acara.pa.gov.br/portal-da-transparencia/estrutura-organizacional/secretaria-de-meio-ambiente-e-turismo/
Afuá;Município;Afuá
Afuá;Endereço;Rua João Paulo II, S/N. Bairro Centro
Afuá;E-mail;semamb.afua@afua.pa.gov.br
Afuá;Telefone;"(91)99395-7163; (96)3689-1181"
Afuá;Link;https://afua.pa.gov.br/portal-da-transparencia/estrutura-organizacional/secretaria-municipal-de-meio-ambiente-semamb/
Água Azul do Norte;Município;Água Azul do Norte
Água Azul do Norte;Endereço;Avenida Lago Azul, S/N. Bairro Centro
Água Azul do Norte;E-mail;"semmaaguazul@hotmail.com; "
Água Azul do Norte;Telefone;"(94)99173-9768; (94) 99286-0875"
Água Azul do Norte;Link;https://aguaazuldonorte.pa.gov.br/secretarias/meio-ambiente/
Alenquer;Município;Alenquer
Alenquer;Endereço;Eloy Simões, N 751. Bairro Centro
Alenquer;E-mail;ouvidoria@alenquer.pa.gov.br
Alenquer;Telefone;(93)99241-1596
Alenquer;Link;https://alenquer.pa.gov.br/sema/
Almeirim;Município;Almeirim
Almeirim;Endereço;Rodovia Almeirim Panaicá, S/N. Bairro Matinha
Almeirim;E-mail;semaalmerim2017@gmail.com
Almeirim;Telefone;(93)98114-8314
Almeirim;Link;https://almeirim.pa.gov.br/portal-da-transparencia/estrutura-organizacional/secretaria-executiva-de-meio-ambiente-sema/
Altamira;Município;Altamira
Altamira;Endereço;Rua Abel Figueiredo, N 651. Bairro Aparecida 
Altamira;E-mail;"semat@altamira.pa.gov.br; semataltamira@hotmail.com"
Altamira;Telefone;"(93)99155-9804; (93)3515-2714; (93)3515-1835"
Altamira;Link;https://altamira.pa.gov.br/portal-da-transparencia/estrutura-organizacional/secretaria-municipal-de-meio-ambiente-e-turismo-semat/
Anajás;Município;Anajás
Anajás;Endereço;Travessa Francisco JR Filho, S/N. Bairro Cidade Nova 1
Anajás;E-mail;semmaanajas21@gmail.com
Anajás;Telefone;(91)98170-4339
Anajás;Link;https://anajas.pa.gov.br/portal-da-transparencia/estrutura-organizacional/secretaria-de-meio-ambiente/
Ananindeua;Município;Ananindeua
Ananindeua;Endereço;Avenida Cláudio Saunders, N 2100. Bairro Maguari
Ananindeua;E-mail;sema@ananindeua.pa.gov.br
Ananindeua;Telefone;(91)3073-2500
Ananindeua;Link;https://www.ananindeua.pa.gov.br/sema
Anapú;Município;Anapú
Anapú;Endereço;Rua Santo Agostinho, S/N. Complexo Administrativo Fernando Dourado (Antigo Hospital). Bairro Centro
Anapú;E-mail;semat.anapu@hotmail.com
Anapú;Telefone;(93)99150-7556
Anapú;Link;https://anapu.pa.gov.br/portal-da-transparencia/estrutura-organizacional/secretaria-municipal-de-meio-ambiente-e-turismo/ 
Augusto Corrêa;Município;Augusto Corrêa
Augusto Corrêa;Endereço;Avenida Magalhães Barata, N 122. Bairro Nazaré
Augusto Corrêa;E-mail;semmaaugustocorrea@gmail.com
Augusto Corrêa;Telefone;(91)98523-6472
Augusto Corrêa;Link;https://augustocorrea.pa.gov.br/portal-da-transparencia/estrutura-organizacional/secretaria-municipal-de-meio-ambiente/
Aurora do Pará;Município;Aurora do pará
Aurora do pará;Endereço;Rua Raimunda Mendes Queiroz, N 766. Bairro Vila Nova
Aurora do pará;E-mail;semaaurora6@gmail.com
Aurora do pará;Telefone;(91)9933-1749
Aurora do pará;Link;https://auroradopara.pa.gov.br/o-governo/estrutura-organizacional/secretaria-municipal-de-meio-ambiente/
Aveiro;Município;Aveiro
Aveiro;Endereço;Avenida Maria Pititinga de Santana, S/N. Bairro Centro
Aveiro;E-mail;demetriosantosjunior@hotmail.com
Aveiro;Telefone;(93)98129-0744
Aveiro;Link;https://aveiro.pa.gov.br/portal-da-transparencia/estrutura-organizacional/secretaria-municipal-de-mineracao-e-meio-ambiente/
Bagre;Município;Bagre
Bagre;Endereço;Avenida Barão do Rio Branco, N 2. Bairro Centro
Bagre;E-mail;popo@hotmail.com
Bagre;Telefone;(91)99155-5100
Bagre;Link;https://bagre.pa.gov.br/portal-da-transparencia/estrutura-organizacional/secretaria-de-meio-ambiente/
Baião;Município;Baião
Baião;Endereço;Avenida Santos Dumont, N 245. Bairro Cidade Nova
Baião;E-mail;semabaiao@gmail.com
Baião;Telefone;(91)98513-8023
Baião;Link;https://baiao.pa.gov.br/portal-da-transparencia/estrutura-organizacional/secretaria-executiva-de-meio-ambiente/
Bannach;Município;Bannach
Bannach;Endereço;Avenida Paraná, S/N. Bairro Centro
Bannach;E-mail;sec.meioambiente@bannach.pa.gov.br
Bannach;Telefone;(94)99287-5369
Bannach;Link;https://bannach.pa.gov.br/secretarias/meio-ambiente/
Barcarena;Município;Barcarena
Barcarena;Endereço;Rodivia PA 481, S/N. Complexo Administrativo Vila São Francisco
Barcarena;E-mail;semade@barcarena.pa.gov.br
Barcarena;Telefone;(91)99259-2007
Barcarena;Link;https://barcarena.pa.gov.br/o-governo/estrutura-organizacional/secretaria-municipal-de-meio-ambiente-e-desenvolvimento-economico/
Belém;Município;Belém
Belém;Endereço;Travessa Quintino Bocaiúva, N 2078. Bairro Reduto
Belém;E-mail;"denunciameioambiente@semma.pmb.pa.gov.br; oficiosemma@gmail.com"
Belém;Telefone;"(91)3039-8106; (91)98495-0277"
Belém;Link;https://semma.belem.pa.gov.br/
Belterra;Município;Belterra
Belterra;Endereço;Vila Americana, N 45. Bairro Centro 
Belterra;E-mail;semat@belterra.pa.gov.br
Belterra;Telefone;(93)99148-6863
Belterra;Link;https://www.belterra.pa.gov.br/mostrarNoticia.php?id_=62
Benevides;Município;Benevides
Benevides;Endereço;Rua Paul Begot, N 407. Bairro Centro
Benevides;E-mail;gabineteprefeitura@benevides.pa.gov.br
Benevides;Telefone;(91)98903-2512
Bom Jesus do Tocantins;Município;Bom Jesus do Tocantins
Bom Jesus do Tocantins;Endereço;Avenida Jarbas Passarinho. Bairro Centro 
Bom Jesus do Tocantins;E-mail;meioambiente@bomjesusdotocantins.pa.gov.br
Bom Jesus do Tocantins;Telefone;(94)3341-1125
Bom Jesus do Tocantins;Link;https://bomjesusdotocantins.pa.gov.br/o-governo/estrutura-organizacional/secretaria-municipal-de-meio-ambiente/
Bonito;Município;Bonito
Bonito;Endereço;Avenida Ruth Passarinho. Bairro Centro
Bonito;E-mail;"zaqueu_monteiro@hotmail.com; prefeituradebonito@outlook.com.br"
Bonito;Telefone;"(91)98542-9004; (91)98994-6321"
Bonito;Link;https://bonito.pa.gov.br/portal-da-transparencia/estrutura-organizacional/secretaria-municipal-de-meio-ambiente-sema/
Bragança;Município;Bragança
Bragança;Endereço;Passagem Nossa Sra. da Glória, S/N. Bairro Samauma
Bragança;E-mail;semma@braganca.pa.gov.br
Bragança;Telefone;(91)99902-1233
Bragança;Link;https://braganca.pa.gov.br/secretaria-municipal-de-meio-ambiente/
Brasil Novo;Município;Brasil Novo
Brasil Novo;Endereço;Travessa Maranhão, N 91 (esquina com a Vic. da 13). Bairro Cidade Nova
Brasil Novo;E-mail;Email: rocca66@gmail.com
Brasil Novo;Telefone;(93)99128-4582
Brasil Novo;Link;https://brasilnovo.pa.gov.br/portal-da-transparencia/estrutura-organizacional/%E2%80%8Bsecretaria-municipal-de-meio-ambiente-semma/
Breu Branco;Município;Breu Branco
Breu Branco;Endereço;Rua Argentina, N 19. Bairro Continental 
Breu Branco;Telefone;(94)9913-49512 
Breu Branco;E-mail;meioambiente@breubranco.pa.gov.br
Breves;Município;Breves
Breves;Endereço;Avenida Gurupá, N 168. Bairro Cidade nova
Breves;E-mail;semmabreves@hotmail.com
Breves;Telefone;(91)3783-2885
Breves;Link;https://breves.pa.gov.br/secretaria-municipal-de-meio-ambiente/
Bujarú;Município;Bujarú
Bujarú;Endereço;Avenida Antônio Rocha, N 118. Bairro Centro
Bujarú;E-mail;"Email: diogoalmeida.ep@gmail.com; pmbujaru.progresso@gmail.com"
Bujarú;Telefone;"(91)99923-6203;(91)3746-1221"
Bujarú;Link;https://bujaru.pa.gov.br/portal-da-transparencia/estrutura-organizacional/secretaria-municipal-de-meio-ambiente/
Cachoeira do Ararí;Município;Cachoeira do Ararí
Cachoeira do Ararí;Endereço;Avenida Deputado José Rodrigues Viana, N 785. Bairro Centro
Cachoeira do Ararí;E-mail;"julietemiranda2517@gmail.com; contato@cachoeiradoarari.pa.gov.br"
Cachoeira do Ararí;Telefone;"(91)984174463; (91)98436-3209"
Cachoeira do Ararí;Link;https://cachoeiradoarari.pa.gov.br/portal-da-transparencia/estrutura-organizacional/secretaria-municipal-de-meio-ambiente/
Cametá;Município;Cametá
Cametá;Endereço;Travessa São Benedito, N 159
Cametá;E-mail;cametasemma@gmail.com
Cametá;Telefone;(91)98429-7668
Cametá;Link;https://prefeituradecameta.pa.gov.br/portal-da-transparencia/estrutura-organizacional/secretaria-de-meio-ambiente/
Canaã dos Carajás;Município;Canaã dos Carajás
Canaã dos Carajás;Endereço;Rua Cumarú, S/N. Bairro Centro
Canaã dos Carajás;E-mail;sematcanaa@gmail.com
Canaã dos Carajás;Telefone;(94)99231-7117
Canaã dos Carajás;Link;https://www.canaadoscarajas.pa.gov.br/novo/meio-ambiente/
Capanema;Município;Capanema
Capanema;Endereço;Avenida Barão de Capanema, N 748. Bairro Areia Branca 
Capanema;E-mail;"semmacapanema@gmail.com; ouvidoria.capanema.pa@gmail.com"
Capanema;Telefone;(91)3462-1648
Capanema;Link;https://www.capanema.pa.gov.br/secretaria.php?sec=9
Capitão Poço;Município;Capitão Poço
Capitão Poço;Endereço;Travessa Tatajuba, S/N
Capitão Poço;E-mail;meioambiente@capitaopoco.pa.gov.br 
Capitão Poço;Telefone;(91)3468-1390
Castanhal;Município;Castanhal
Castanhal;Endereço;Rua Major Wilson, N 84 
Castanhal;E-mail;semma@castanhal.pa.gov.br
Castanhal;Telefone;(91)3711-5959
Castanhal;Link;http://www2.castanhal.pa.gov.br/secretaria_meio_ambiente
Chaves;Município;Chaves
Chaves;Endereço;Avenida Beira Mar, S/N
Chaves;E-mail;semmachaves@gmail.com
Chaves;Telefone;(91)98033-6869
Chaves;Link;https://chaves.pa.gov.br/portal-da-transparencia/estrutura-organizacional/secretaria-municipal-de-meio-ambiente-semma/
Conceição do Araguaia;Município;Conceição do Araguaia
Conceição do Araguaia;Endereço;Avenida J.K., N 3751. Bairro Centro
Conceição do Araguaia;Telefone;(94)99247-4547
Conceição do Araguaia;E-mail;semarh@conceicaodoaraguaia.pa.gov.br
Conceição do Araguaia;Link;https://conceicaodoaraguaia.pa.gov.br/portal-da-transparencia/estrutura-organizacional/secretaria-municipal-de-meio-ambiente-e-recursos-hidricos-semarh/
Concórdia;Município;Concórdia
Concórdia;Endereço;Rua João Paulo II
Concórdia;Telefone;(91)3728-1373
Concórdia;E-mail;semmacon@yahoo.com.br
Concórdia;Link;https://concordiadopara.pa.gov.br/portal-da-transparencia/estrutura-organizacional/secretaria-municipal-de-meio-ambiente/
Cumaru do Norte;Município;Cumaru do Norte
Cumaru do Norte;Endereço;Avenida das Nações, N 73. Barro Centro. CEP 68.398-000 (Sede Administrativa)
Cumaru do Norte;E-mail;ewertonkalu@hotmail.com
Cumaru do Norte;Telefone;(94)99156-7378
Cumaru do Norte;Link;https://pmcn.pa.gov.br/portal-da-transparencia/estrutura-organizacional/secretaria-municipal-de-meio-ambiente-e-turismo/
Curionópolis;Município;Curionópolis
Curionópolis;Endereço;Avenida Minas Gerais, N 190. Dentro do prédio da SEMAD
Curionópolis;Telefone;(94)98430-9898
Curionópolis;E-mail;semma.pmc@curionopolis.pa.gov.br
Curionópolis;Link;https://curionopolis.pa.gov.br/secretaria-municipal-de-meio-ambiente/
Curralinho;Município;Curralinho
Curralinho;Endereço;Avenida Jarbas Passarinho, S/N. Bairro Centro. CEP 68.815-000
Curralinho;Telefone;(91)99268-9570
Curralinho;Link;https://pmcurralinho.pa.gov.br/portal-da-transparencia/estrutura-organizacional/secretaria-municipal-de-meio-ambiente/
Curuá;Município;Curuá
Curuça;Município;Curuça
Curuça;Endereço;Praça Coronel Horácio, N 70. Bairro Centro. CEP 68.750-000
Curuça;Telefone;(91)3722-1169
Curuça;E-mail;semma@curuca.pa.gov.br
Curuça;E-mail;prefeituradecuruca@curuca.pa.gov.br
Curuça;Link;https://www.curuca.pa.gov.br/secretaria-de-meio-ambiente-e-sustentabilidade/
Dom Eliseu;Município;Dom Eliseu
Dom Eliseu;Endereço;Rua Ceará, N 372. Bairro Centro. CEP 68633-000
Dom Eliseu;Telefone;(94)3335-2901
Dom Eliseu;E-mail;meioambiente@domeliseu.gov.com.br
Dom Eliseu;Link;https://domeliseu.pa.gov.br/portal-da-transparencia/estrutura-organizacional/secretaria-municipal-de-meio-ambiente/
Eldorado dos Carajás;Município;Eldorado dos Carajás
Faro;Município;Faro
Faro;Endereço;Rua Duque de Caxias, S/N. Bairro Campina. CEP 68280-000
Faro;Telefone;(92)99536-4391
Faro;E-mail;meioambiente.faro@gmail.com
Floresta do Araguaia;Município;Floresta do Araguaia
Floresta do Araguaia;Endereço;Avenida Pres. Juscelino Kubitscheck, N 1962. Floresta do Araguaia. Lago Municipal. CEP 68543-000
Floresta do Araguaia;Telefone;(94)98405-3797
Floresta do Araguaia;E-mail;alexparazinho.79@gmail.com
Garrafão do Norte;Município;Garrafão do Norte
Garrafão do Norte;Endereço;Rua Luiz Eduardo Magalhães. Bairro Pedrinhas. CEP 68.665-000
Garrafão do Norte;Telefone;(91)3434-4254
Garrafão do Norte;E-mail;semmagn17@gmail.com
Goianésia do Pará;Endereço;Avenida Tancredo Neves S/N. Bairro Centro. CEP 68.639-000
Goianésia do Pará;Telefone;(94)3779-1488
Goianésia do Pará;E-mail;goianesiadopara@semas.pa.gov.br
Gurupá;Município;Gurupá
Gurupá;Endereço;Travessa Abílio Gama, S/N. Brasil Norte - Fortaleza. CEP 68.300-000
Gurupá;Telefone;(91)98903-0747
Igarapé-Açu;Município;Igarapé-Açu
Igarapé-Açu;Endereço;Travessa 7 de Setembro, N 3454. Prédio do antigo Campus X da UEPA. CEP 68.725-000
Igarapé-Açu;Telefone;(91)98038-1044
Igarapé-Miri;Município;Igarapé-Miri
Igarapé-Miri;Endereço;Palacete Senador Garcia, Praça Sarges Barros, S/N 
Igarapé-Miri;Telefone;(91)98531-8239
Igarapé-Miri;E-mail;meio.ambiente@igarapemiri.pa.gov.br
Inhangapi;Município;Inhangapi
Inhangapi;Endereço;Travessa Antônio Marçal, S/N. CEP 68.770-000
Inhangapi;Telefone;(91)99207-5246
Inhangapi;E-mail;inhangapi.pa.semma@hotmail.com
Ipixuna do Pará;Município;Ipixuna do Pará
Ipixuna do Pará;Endereço;Rua Luíz Batista Nonato, N 423, Centro. CEP 68.637-000
Ipixuna do Pará;Telefone;(91)98267-4869 
Ipixuna do Pará;E-mail;meioambiente@ipixunadopara.pa.gov.br
Irituia;Município;Irituia
Itaituba;Município;Itaituba
Itaituba;Endereço;Avenida Belém, N 47. Bairro Centro 
Itaituba;Telefone;(93)9921-92603
Itaituba;E-mail;semma.itb@gmail.com
Itupiranga;Município;Itupiranga
Itupiranga;Endereço;Avenida 14 de Julho, S/N. Bairro Centro. CEP 68.580-000 
Itupiranga;Telefone;(94)9144-1301
Itupiranga;E-mail;agenorpelaes@hotmail.com
Jacareacanga;Município;Jacareacanga
Jacareacanga;Endereço;Avenida Brg. Haroldo Coimbra Veloso, N 34. CEP 68.195-000
Jacareacanga;Telefone;(93)98413-2697
Jacareacanga;E-mail;"semat.jacareacanga@outlook.com; fabriciapamplona@gmail.com"
Jacundá;Município;Jacundá
Jacundá;Endereço;Rodovia PA 150 km. CEP 68590-000 
Jacundá;Telefone;(94)3345-1312
Jacundá;E-mail;sematur@jacunda.pa.gov.br
Juruti;Município;Juruti
Juruti;Endereço;Avenida Turíbio Vieira, S/N 
Juruti;Telefone;(93)99128-9717
Juruti;E-mail;meioambiente@juruti.pa.gov.br
Limoeiro do Ajurú;Município;Limoeiro do Ajurú
Limoeiro do Ajurú;Endereço;R. Marechal Rondon, S/N. Bairro Matinha. CEP 68.415-000
Limoeiro do Ajurú;Telefone;(91)99236-6056
Mãe do Rio;Município;Mãe do Rio
Mãe do Rio;Endereço;Rodovia PA 252, N 0. Bairro Severino Oliveira. CEP 68.675-000 
Mãe do Rio;E-mail;antigo Hotel Amazônia 
Mãe do Rio;Telefone;(91)9207-2061
Mãe do Rio;E-mail;secmeioambienteurbanismo@gmail.com
Magalhães Barata;Município;Magalhães Barata
Magalhães Barata;Endereço;Rua Verissimo Pinto, S/N. Bairro centro, CEP 68.722-000
Magalhães Barata;Telefone;(91)3812-3173
Magalhães Barata;E-mail;secretariambmeioambiente@gmail.com
Marabá;Município;Marabá
Marabá;Endereço;Avenida Amazônia, S/N. Agrópolis do INCRA. Bairro Amapá. CEP 68.502-090
Marabá;Telefone;(94)3323-0571
Marabá;E-mail;semma@maraba.pa.gov.br
Maracanã;Município;Maracanã
Maracanã;Endereço;Rodovia PA-127, KM 74 
Maracanã;E-mail;meioambiente@maracana.pa.gov.br 
Maracanã;Telefone;(91)98477-7899
Marapanim;Município;Marapanim
Marapanim;Endereço;Avenida Fernando Magalhães, N 600 . CEP 68.760-000
Marapanim;E-mail;semad.pmm@gmail.com
Marapanim;Telefone;(91)98561-9227
Marituba;Município;Marituba
Marituba;Endereço;Rua Antônio Bezerra Falcão. CEP 67.200-000
Marituba;Telefone;(91)98235-5931
Marituba;E-mail;semma.marituba.pa@gmail.com
Medicilândia;Município;Medicilândia
Medicilândia;Endereço;Rua Jacobsen, S/N. Bairro Ubaldino Kruger. CEP 68.145-000
Medicilândia;Telefone;(93)99134-4452
Medicilândia;E-mail;semmamed@gmail.com, jr.santos2006@bol.com
Melgaço;Município;Melgaço
Melgaço;Endereço;Avenida Senador Lemos. Bairro Centro Guarycurú
Melgaço;Telefone;(91)99245-3108
Mocajuba;Município;Mocajuba
Mocajuba;Endereço;Rua Deodete de Oliveira, S/N. Bairro Monte Alegre. CEP 68.420-000 
Mocajuba;Telefone;(91)98244-6109
Mocajuba;E-mail;semad.mocajuba@gmail.com
Moju;Município;Moju
Moju;Endereço;Rua Padre João, S/N. Bairro Alto. CEP 68450-000
Moju;Telefone;(91)9943-9397
Moju;E-mail;sectema@moju.pa.gov.br
Mojuí dos Campos;Município;Mojuí dos Campos
Mojuí dos Campos;Endereço;Rua Aroldo Veloso, S/N. Bairro Centro 
Mojuí dos Campos;E-mail;semma@mojuidoscampos.pa.gov.br 
Mojuí dos Campos;Telefone;(93)9242-9227
Mojuí dos Campos;Link;www.mojuidoscampos.pa.gov.br
Monte Alegre;Município;Monte Alegre
Monte Alegre;Endereço;Praça Tiradentes, N 100. Bairro Cidade Baixa
Monte Alegre;E-mail;prefeitura@montealegre.pa.gov.br
Monte Alegre;Telefone;(93)3533-1010
Monte Alegre;Link;https://www.montealegre.pa.gov.br/category/semmag/
Muaná;Município;Muaná
Muaná;Endereço;Rua Manoel Izidro da Silva, S/N
Muaná;E-mail;luiz_tavares11@hotmail.com
Muaná;Telefone;(91)99139-7909
Muaná;Link;https://muana.pa.gov.br/portal-da-transparencia/estrutura-organizacional/secretaria-de-meio-ambiente/
Nova Esperança do Piriá;Município;Nova Esperança do Piriá
Nova Esperança do Piriá;Endereço;Avenida São Pedro, N 752. Bairro Centro
Nova Esperança do Piriá;E-mail;gabinetepmnep@gmail.com
Nova Esperança do Piriá;Telefone;(91)98411-1972
Nova Esperança do Piriá;Link;https://novaesperancadopiria.pa.gov.br/portal-da-transparencia/estrutura-organizacional/secretaria-municipal-de-meio-ambiente-e-habitacao/
Nova Ipixuna;Município;Nova Ipixuna
Nova Ipixuna;Endereço;Rua Antonio Marrocos, N 01. Bairro da Felicidade. Nova Timboteua-PA
Nova Ipixuna;E-mail;prefeitura@novaipixuna.pa.gov.br 
Nova Ipixuna;Telefone;(94)99220-6884
Nova Ipixuna;Link;https://novaesperancadopiria.pa.gov.br/portal-da-transparencia/estrutura-organizacional/secretaria-municipal-de-meio-ambiente-e-habitacao/
Nova Timboteua;Município;Nova Timboteua
Nova Timboteua;Endereço;Avenida Barão do Rio Branco, N 2312. Bairro Centro 
Nova Timboteua;E-mail;smadmpmnt@hotmail.com 
Nova Timboteua;Telefone;(91)3469-1189
Nova Timboteua;Link;https://novatimboteua.pa.gov.br/
Novo Progresso;Município;Novo Progresso
Novo Progresso;Endereço;Travessa Belém, N 768. Bairro Jardim Europa 
Novo Progresso;E-mail;municnovoprogresso.pmv@gmail.com 
Novo Progresso;Telefone;(93)98116-4967
Novo Progresso;Link;https://novoprogresso.pa.gov.br/portal-da-transparencia/estrutura-organizacional/secretaria-municipal-de-meio-ambiente/
Novo Repartimento;Município;Novo Repartimento
Novo Repartimento;Endereço;Rua Muiracatiara, N 164-236. Bairro Parque da Ladeira
Novo Repartimento;E-mail;ouvidoria@novorepartimento.pa.gov.br
Novo Repartimento;Telefone;(94)99217-6830
Novo Repartimento;Link;https://novorepartimento.pa.gov.br/web/pag.php?pg=ouvidoria/ouvidoria
Óbidos;Município;Óbidos
Óbidos;Endereço;Rua Dom Floriano, N 777. Bairro Lourdes
Óbidos;E-mail;pmosema@obidos.pa.gov.br 
Óbidos;Telefone;(93)99115-8259
Óbidos;Link;https://obidos.pa.gov.br/portal-da-transparencia/estrutura-organizacional/secretaria-interino-municipal-de-meio-ambiente-sema/
Oeiras do Pará;Município;Oeiras do Pará
Oeiras do Pará;Endereço;Artêmio Araújo, S/N. Bairro Marapira 
Oeiras do Pará;E-mail;ouvidoria@oeirasdopara.pa.gov.br 
Oeiras do Pará;Telefone;(91)99396-0188
Oeiras do Pará;Link;https://oeirasdopara.pa.gov.br/ouvidoria/ 
Oriximiná;Município;Oriximiná
Oriximiná;Endereço;Avenida Quinze de Novembro, N 618-812. Bairro Centro 
Oriximiná;E-mail;ouvidoria@oriximina.pa.gov.br 
Oriximiná;Telefone;(93)3554-3837
Oriximiná;Link;https://www.oriximina.pa.gov.br/
Ourém;Município;Ourém
Ourém;Endereço;Travessa Dr. Lauro Sodré, N 336. CEP 68.640-000 
Ourém;E-mail;semmaourempa@gmail.com 
Ourém;Telefone;(91)8405-1561
Ourém;Link;https://www.ourem.pa.gov.br/secretaria.php?sec=2
Ourilândia do Norte;Município;Ourilândia do Norte
Ourilândia do Norte;Endereço;Rua 17, N 595. Bairro Centro. CEP 68.390-000
Ourilândia do Norte;E-mail;meioambiente@ourilandia.pa.gov.br 
Ourilândia do Norte;Telefone;(94)98436-7933
Ourilândia do Norte;Link;https://ourilandia.pa.gov.br/portal-da-transparencia/estrutura-organizacional/secretaria-de-meio-ambiente/
Pacajá;Município;Pacajá
Pacajá;Endereço;Avenida Transamazônica, S/N. Bairro Colinas 
Pacajá;E-mail;semmapmp@gmail.com 
Pacajá;Telefone;(91)99264-2461
Pacajá;Link;https://pacaja.pa.gov.br/portal-da-transparencia/estrutura-organizacional/secretaria-municipal-de-meio-ambiente/
Palestina do Pará;Município;Palestina do Pará
Palestina do Pará;Endereço;Rua Magalhães Barata, S/N. Bairro Centro 
Palestina do Pará;E-mail;semmaspalestina@gmail.com 
Palestina do Pará;Telefone;(94)99180-4131
Palestina do Pará;Link;https://palestinadopara.pa.gov.br/portal-da-transparencia/estrutura-organizacional/secretaria-de-meio-ambiente/
Paragominas;Município;Paragominas
Paragominas;Endereço;Rodovia Clodomiro Bicalho, S/N. Polo Moveleiro, Setor Amarelo, Distrito Industrial. 
Paragominas;E-mail;semma@paragominas.pa.gov.br  
Paragominas;Telefone;"(91)99116-8524; (91)99114-9228"
Paragominas;Link;https://paragominas.pa.gov.br/portal-da-transparencia/estrutura-organizacional/secretaria-municipal-do-verde-e-meio-ambiente-semma/
Parauapebas;Município;Parauapebas
Parauapebas;Endereço;Rua Juruna, Quadra Especial 
Parauapebas;E-mail;semma@parauapebas.pa.gov.br  
Parauapebas;Link;https://parauapebas.pa.gov.br/meio-ambiente/
Pau D'arco;Endereço;Avenida Maria de Sá, S/N. Bairro Setor Paraiso 
Pau D'arco;E-mail;semmapaudarco@hotmail.com 
Pau D'arco;Telefone;"(94)3356-8105; (91)3356-8104"
Pau D'arco;Link;https://paudarco.pa.gov.br/portal-da-transparencia/estrutura-organizacional/secretaria-municipal-de-meio-ambiente/
Peixe Boi;Município;Peixe Boi
Peixe Boi;Endereço;Avenida João Gomes Pedrosa, N 500. Bairro Centro (Prédio da Prefeitura) 
Peixe Boi;E-mail;peixeboi@semas.pa.gov.br 
Peixe Boi;Telefone;(91)3821-1281
Peixe Boi;Link;https://prefeituradepeixeboi.pa.gov.br/portal-da-transparencia/estrutura-organizacional/secretaria-de-meio-ambiente/
Piçarra;Município;Piçarra
Piçarra;Endereço;Rua Tancredo Neves, S/N. Bairro Centro 
Piçarra;E-mail;semmatur.picarra@gmail.com 
Piçarra;Telefone;(94)99292-3010
Piçarra;Link;http://picarra.pa.gov.br/portal/secretarios-municipais/#1632831422617-b9a7274c-ad25
Placas;Município;Placas
Placas;Endereço;Rua Olavo Bilac, N 2 
Placas;E-mail;semmaplacas21@yahoo.com.br 
Placas;Telefone;(93)99138-5258
Placas;Link;https://placas.pa.gov.br/portal-da-transparencia/estrutura-organizacional/secretaria-municipal-de-meio-ambiente/
Ponta de Pedras;Município;Ponta de Pedras
Ponta de Pedras;Endereço;Praça Antônio Malato, N 30. Bairro Centro. CEP 68.830-000  
Ponta de Pedras;E-mail;meioambiente@pontadepedras.pa.gov.br 
Ponta de Pedras;Telefone;(91)98464-5315
Ponta de Pedras;Link;https://www.pontadepedras.pa.gov.br/secretaria.php?sec=34
Portel;Município;Portel
Portel;Endereço;Avenida Mal. Floriano Peixoto, N 85. Bairro Centro. CEP 66480-000 
Portel;E-mail;sema@portel.pa.gov.br 
Portel;Telefone;(91)99245-6210
Portel;Link;https://portel.pa.gov.br/portal-da-transparencia/estrutura-organizacional/secretaria-municipal-de-meio-ambiente-sema/
Porto de Moz;Município;Porto de Moz
Porto de Moz;Endereço;Rua Raimundo de Jesus da Jesus, S/N. SAAE - Bomba D’água, Cariri 
Porto de Moz;E-mail;semma_pmz@hotmail.com 
Porto de Moz;Telefone;(93)98406-2623
Porto de Moz;Link;https://portodemoz.pa.gov.br/portal-da-transparencia/estrutura-organizacional/secretaria-de-pesca-e-agricultura/
Prainha;Município;Prainha
Prainha;Endereço;Rodovia PA 419, Km 01. Bairro São Sebastião 
Prainha;E-mail;ebsonmendescrf@gmail.com 
Prainha;Telefone;(93)98413-3123
Prainha;Link;https://prainha.pa.gov.br/portal-da-transparencia/estrutura-organizacional/secretaria-de-meio-ambiente/
Primavera;Município;Primavera
Primavera;Endereço;Rua Cesar Pinheiro. Bairro Centro 
Primavera;E-mail;prefeituradeprimaverapa@gmail.com  
Primavera;Telefone;(91)3481-1228
Primavera;Link;https://www.governotransparente.com.br/acessoinfo/4522488/estruturaorganizacional
Quatipuru;Município;Quatipuru
Quatipuru;Endereço;Rua Cônego Siqueira Mendes, S/N. Bairro Centro 
Quatipuru;E-mail;pmq.gabinete@gmail.com 
Quatipuru;Telefone;(91)98316-9852
Quatipuru;Link;https://quatipuru.pa.gov.br/wp-content/uploads/2021/03/CONTRATO-N-20210918.pdf
Rendenção;Município;Rendenção
Rendenção;Endereço;Rua Walterloo Prudente, N 253. Bairro Vila Paulista  
Rendenção;E-mail;meioambiente@redencao.pa.gov.br 
Rendenção;Telefone;(94)99120-3840
Rendenção;Link;https://www.redencao.pa.gov.br/secretaria/9/Secretaria-Municipal-de-Meio-Ambiente-e-Desenvolvimento-Sustentavel
Rio Maria;Município;Rio Maria
Rio Maria;Endereço;Avenida Rio Maria, N 174. Bairro Centro
Rio Maria;E-mail;maraica-13@hotmail.com 
Rio Maria;Telefone;(94)99117-8715
Rio Maria;Link;https://siteantigo.riomaria.pa.gov.br/secretarias/meio-ambiente/
Rondon do Pará;Município;Rondon do Pará
Rondon do Pará;Endereço;Rua Gonçalves Dias, N 400 (PREFEITURA MUNICIPAL). Bairro Centro
Rondon do Pará;E-mail;weliton.porto@globo.com  
Rondon do Pará;Telefone;(94)99158-3513
Rondon do Pará;Link;https://rondondopara.pa.gov.br/portal-da-transparencia/estrutura-organizacional/secretaria-municipal-de-ciencia-tecnologia-e-meio-ambiente/
Rurópolis;Município;Rurópolis
Rurópolis;Endereço;Rua José Rodrigues da Costa, N 313 
Rurópolis;E-mail;semmaruropolis.pa@hotmail.com 
Rurópolis;Telefone;(93)99134-0709
Rurópolis;Link;https://ruropolis.pa.gov.br/o-governo/estrutura-organizacional/secretaria-municipal-de-meio-ambiente-e-turismo/
Salinópolis;Município;Salinópolis
Salinópolis;Endereço;Avenida Dr. Miguel de Santa Brígida, N 10
Salinópolis;Telefone;(91)99201-1913
Salinópolis;Link;http://www.salinopolis.pa.gov.br/index.php/component/contact/contact/18-secretarias/22-secretaria-municipal-de-meio-ambiente
Salvaterra;Município;Salvaterra
Salvaterra;Endereço;Rua Frei Romão (5ª Rua), N 88. Esquina com a Avenida Victor Engelhard 
Salvaterra;E-mail;semmasalvaterra@gmail.com  
Salvaterra;Telefone;(91)98175-2683
Salvaterra;Link;https://prefeituradesalvaterra.pa.gov.br/portal-da-transparencia/estrutura-organizacional/secretaria-municipal-de-meio-ambiente/
Santa Bárbara do Pará;Município;Santa Bárbara do Pará
Santa Bárbara do Pará;Endereço;Rua Raimundo Rocha, N 2-138. Sede 
Santa Bárbara do Pará;Telefone;"(91)3776-1152;(91)98886-8558"
Santa Bárbara do Pará;Link;https://santabarbara.pa.gov.br/portal-da-transparencia/estrutura-organizacional/secretaria-municipal-de-meio-ambiente/
Santa Izabel do Pará;Município;Santa Izabel do Pará
Santa Izabel do Pará;Endereço;Rua Francisco Amâncio, N 1210 
Santa Izabel do Pará;E-mail;semmasip@gmail.com  
Santa Izabel do Pará;Telefone;(91)8112-3750
Santa Izabel do Pará;Link;https://santaizabel.pa.gov.br/portal-da-transparencia/estrutura-organizacional/secretaria-municipal-de-meio-ambiente-semma/
Santa Luzia do Pará;Município;Santa Luzia do Pará
Santa Luzia do Pará;Endereço;Rua MARECHAL RONDON, N 440. Bairro Centro 
Santa Luzia do Pará;E-mail;sema@santaluziadopara.pa.gov.br 
Santa Luzia do Pará;Telefone;(91)99245-1016
Santa Maria das Barreiras;Município;Santa Maria das Barreiras
Santa Maria das Barreiras;Endereço;Centro Administrativo. Distrito de Casa de Tábua 
Santa Maria das Barreiras;E-mail;semmasantamaria@hotmail.com 
Santa Maria das Barreiras;Telefone;(94)3319-1166
Santa Maria do Pará;Município;Santa Maria do Pará
Santa Maria do Pará;Endereço;Praça da Matriz, N 001. Bairro Centro
Santa Maria do Pará;E-mail;sec.meioambiente@santamaria.pa.gov.br
Santa Maria do Pará;Telefone;(91)98443-9745
Santana do Araguaia;Município;Santana do Araguaia
Santana do Araguaia;Endereço;Avenida Zeca Abreu, N 50. Bairro Centro
Santana do Araguaia;E-mail;semmasantana@gmail.com
Santana do Araguaia;Telefone;(94)99156-5116
Santarém;Município;Santarém
Santarém;Endereço;Avenida Dr. Anysio Chaves, N 842. Bairro Aeroporto Velho 
Santarém;E-mail;ouvidoria@santarem.pa.gov.br 
Santarém;Telefone;(93)99141-7058
Santo Antônio do Tauá;Município;Santo Antônio do Tauá
Santo Antônio do Tauá;Endereço;Altos do Terminal Rodoviário. Bairro Centro
Santo Antônio do Tauá;E-mail;semmataua17@gmail.com
Santo Antônio do Tauá;Telefone;(91)99233-3915
São Caetano de Odivelas;Município;São Caetano de Odivelas
São Caetano de Odivelas;Endereço;Avenida Floriano Peixoto, S/N. Bairro Centro 
São Caetano de Odivelas;E-mail;meoam.sco@gmail.com 
São Caetano de Odivelas;Telefone;(91)98240-6862
São Domingos do Araguaia;Município;São Domingos do Araguaia
São Domingos do Araguaia;Endereço;Rua Acrísio Santo, S/N. Bairro centro 
São Domingos do Araguaia;E-mail;prefeitura@saodomingosdoaraguaia.pa.gov.br 
São Domingos do Araguaia;Telefone;(94)3332-1032
São Felix do Xingú;Município;São Felix do Xingú
São Felix do Xingú;Endereço;Rua 22 de Março, N 915. Bairro Centro 
São Felix do Xingú;E-mail;semmas@sfxingu.pa.gov.br
São Felix do Xingú;Telefone;"(94)99177-7768; (94)98136-7442"
São Francisco do Pará;Município;São Francisco do Pará
São Francisco do Pará;Endereço;Rua da Paz, S/N. Bairro Vila Nova. Próx Igarapé da Mata 
São Francisco do Pará;E-mail;semmasfpa@gmail.com 
São Francisco do Pará;Telefone;(91)99966-4759
São Geraldo do Araguaia;Município;São Geraldo do Araguaia
São Geraldo do Araguaia;Endereço;Vereador Antônio Nonato Pedrosa, N 324 
São Geraldo do Araguaia;E-mail;meioambiente@saogeraldodoaraguaia.pa.gov.br 
São Geraldo do Araguaia;Telefone;(94)98177-4457
São João de Pirabas;Município;São João de Pirabas
São João de Pirabas;Endereço;Rua Plácido Nascimento, N 265
São João de Pirabas;E-mail;semmasjppirabas@gmail.com 
São João de Pirabas;Telefone;(91)98870-6852
São João do Araguaia;Município;São João do Araguaia
São João do Araguaia;Endereço;Rua Dom Pedro I, S/N. Bairro Centro
São João do Araguaia;E-mail;semasja@gmail.com
São João do Araguaia;Telefone;(94)98403-0663
São Miguel do Guamá;Município;São Miguel do Guamá
São Miguel do Guamá;Endereço;Rua Vicente Costa, Parque Ambiental
São Miguel do Guamá;E-mail;semma.smg@gmail.com
São Miguel do Guamá;Telefone;"(91)98598-9588; 98563-8199 "
São Sebastião da Boavista;Município;São Sebastião da Boavista
São Sebastião da Boavista;Endereço;Praça da Matriz, N 01
São Sebastião da Boavista;E-mail;sema@pmssbv.pa.gov.br 
São Sebastião da Boavista;Telefone;(91)3764-1117
Sapucaia;Município;Sapucaia
Sapucaia;E-mail;"drelmarmedvet@hotmail.com; ouvidoria@sapucaia.pa.gov.br "
Sapucaia;Telefone;(94)99158-3908
Senador José Porfirio;Município;Senador José Porfirio
Senador José Porfirio;Endereço;Rua Passagem Bom Jesus, N 247. Bairro Centro 
Senador José Porfirio;E-mail;pmsjporfirio@hotmail.com 
Senador José Porfirio;Telefone;(93)99121-6944
Soure;Município;Soure
Soure;Endereço;5ª Rua, entre as Travessas 13 e 14. Bairro Centro
Soure;E-mail;contato@soure.pa.gov.br 
Soure;Telefone;(91)99305-3556
Tailândia;Município;Tailândia
Tailândia;Endereço;Rodova PA 150, km 135. Bairro Industrial
Tailândia;E-mail;sectma@gmail.com 
Tailândia;Telefone;(91)99361-7092
Terra Alta;Município;Terra Alta
Terra Alta;Endereço;Rua Macedo Duarte, N 439. Bairro Centro 
Terra Alta;E-mail;semmact@terraalta.pa.gov.br 
Terra Alta;Telefone;(91)3662-1319
Terra Santa;Município;Terra Santa
Terra Santa;Endereço;Travessa Nossa Senhora de Nazaré, S/N. Bairro Palmares
Terra Santa;E-mail;secretario.semmats@gmail.com 
Terra Santa;Telefone;(93)99144-4244
Tomé-Açu;Município;Tomé-Açu
Tomé-Açu;Endereço;Avenida Dionísio Bentes, N 148. Bairro Centro 
Tomé-Açu;E-mail;"semma-tomeacu@hotmail.com; ouvidoria@prefeituratomeacu.pa.gov.br "
Tomé-Açu;Telefone;"(91)3727-1339; (91)3727-1162"
Tracateua;Município;Tracateua
Tracateua;Endereço;Avenida Mário Nogueira, S/N. Embrapa 
Tracateua;E-mail;"secmeioambiente@tracuateua.pa.gov.br; semmatracuateua@gmail.com "
Tracateua;Telefone;(91)98576-2060
Trairão;Município;Trairão
Trairão;Endereço;Tv Horizonte, N 15. Bairro Centro
Trairão;E-mail;lindoelsonpr@hotmail.com 
Trairão;Telefone;(93)3559-1155
Tucumã;Município;Tucumã
Tucumã;Endereço;Avenida Belém, N 365. St Aeroporto 
Tucumã;E-mail;"hamiltonpachecodasilva@gmail.com; sematipmt@gmail.com "
Tucumã;Telefone;(94)99216-8884
Tucuruí;Município;Tucuruí
Tucuruí;E-mail;meioambiente@tucurui.pa.gov.br 
Ulianópolis;Município;Ulianópolis
Ulianópolis;Endereço;Rua 12 de Outubro, N 190
Ulianópolis;E-mail;secretaria.semas@ulianopolis.pa.gov.br 
Ulianópolis;Telefone;(91)98883-1239
Uruará;Município;Uruará
Uruará;Endereço;Avenida Perimetral Sul. Bairro Industrial  
Uruará;E-mail;semmauruara@hotmail.com 
Uruará;Telefone;"(93)3532-1727; (93)3532-2120"
Vigia de Nazaré;Município;Vigia de Nazaré
Vigia de Nazaré;Endereço;Rodovia PA 412, S/N
Vigia de Nazaré;E-mail;semma@vigia.pa.gov.br
Vigia de Nazaré;Telefone;(91)98862-6598
Viseu;Município;Viseu
Viseu;Endereço;Travessa da Trincheira, S/N. Bairro Alto
Viseu;E-mail;semma@viseu.pa.gov.br 
Viseu;Telefone;(91)98763-7166
Vitória do Xingu;Município;Vitória do Xingu
Vitória do Xingu;Endereço;Rua Anfrisio Nunes, S/N. Bairro Centro 
Vitória do Xingu;E-mail;semavtx@gmail.com 
Vitória do Xingu;Telefone;(93)99191-4446
Xinguara;Município;Xinguara
Xinguara;Endereço;Rua Petronio Portela, Altos da Caixa Econômica, Sala 11. Bairro Centro 
Xinguara;E-mail;semmaturxinguara@hotmail.com 
Xinguara;Telefone;"(94)9180-4547; (94)3426-4384"
xxx;Município;xxx